{
    "Brisbane": [
        -27.4635654,
        153.0282252
    ],
    "New Orleans": [
        29.952535,
        -90.076688
    ],
    "Chisinau": [
        47.0158108,
        28.8453873
    ],
    "Kuala Lumpur": [
        3.1461788,
        101.6701068
    ],
    "Reykjavik": [
        64.1475973,
        -21.9386179
    ],
    "Lima": [
        -12.0454483,
        -77.0308636
    ],
    "Johannesburg": [
        -26.20227,
        28.04363
    ],
    "Seattle": [
        47.6037757,
        -122.3307651
    ],
    "Los Angeles": [
        34.053345,
        -118.242349
    ],
    "Stockholm": [
        59.3278751,
        18.0532655
    ],
    "Birmingham": [
        52.4794489,
        -1.90418
    ],
    "New York": [
        40.7129822,
        -74.007205
    ],
    "Islamabad": [
        33.7099656,
        73.0527963
    ],
    "Sydney": [
        -33.87271,
        151.2056942
    ],
    "Madrid": [
        40.4192127,
        -3.692517
    ],
    "Las Vegas": [
        36.1667469,
        -115.1487083
    ],
    "Ljubljana": [
        46.0498151,
        14.4976257
    ],
    "Sao Paulo": [
        -23.5796404,
        -46.6550645
    ],
    "Manchester": [
        53.479606,
        -2.245505
    ],
    "Valencia": [
        39.4698391,
        -0.3767956
    ],
    "Belgrade": [
        44.8105885,
        20.4660344
    ],
    "Tokyo": [
        35.689506,
        139.6917
    ],
    "Brussels": [
        50.8463811,
        4.3513937
    ],
    "Helsinki": [
        60.1679281,
        24.9529839
    ],
    "Manila": [
        14.6229729,
        120.9819408
    ],
    "Luxembourg": [
        49.7823482,
        6.1088007
    ],
    "Oslo": [
        59.9164997,
        10.7384202
    ],
    "Melbourne": [
        -37.8150309,
        144.9663466
    ],
    "Bratislava": [
        48.1459138,
        17.1072472
    ],
    "Budapest": [
        47.4952113,
        19.054237
    ],
    "Vancouver": [
        49.2604134,
        -123.1139456
    ],
    "Charlotte": [
        35.2216943,
        -80.839734
    ],
    "Warsaw": [
        52.2434271,
        21.0017975
    ],
    "Istanbul": [
        41.0130959,
        28.9757258
    ],
    "Guadalajara": [
        20.6737428,
        -103.3684988
    ],
    "London": [
        51.5033466,
        -0.0793965
    ],
    "Dubai": [
        25.2144654,
        55.2766493
    ],
    "Dallas": [
        32.7755679,
        -96.7955954
    ],
    "Santiago": [
        -33.4518558,
        -70.6504661
    ],
    "Marseille": [
        43.2964336,
        5.3778398
    ],
    "Paris": [
        48.8567879,
        2.3510768
    ],
    "Bogota": [
        4.639543,
        -74.0629717
    ],
    "Boston": [
        42.3602558,
        -71.0572791
    ],
    "Chicago": [
        41.883718,
        -87.632382
    ],
    "Bucharest": [
        44.4390656,
        26.10515
    ],
    "Auckland": [
        -36.8540804,
        174.7631242
    ],
    "Montreal": [
        45.5077734,
        -73.5544607
    ],
    "Tel Aviv": [
        32.0844542,
        34.7856207
    ],
    "Perth": [
        -31.954808,
        115.8602204
    ],
    "Sofia": [
        42.6889525,
        23.3188913
    ],
    "Atlanta": [
        33.748188,
        -84.390865
    ],
    "Zurich": [
        47.3717597,
        8.5426102
    ],
    "Osaka": [
        34.6937259,
        135.502162
    ],
    "Vienna": [
        48.2195335,
        16.3784883
    ],
    "Singapore": [
        1.3043744,
        103.8245805
    ],
    "Cincinnati": [
        39.104064,
        -84.520346
    ],
    "Zagreb": [
        45.810569,
        15.9721424
    ],
    "Denver": [
        39.739212,
        -104.9903028
    ],
    "Dublin": [
        53.3441204,
        -6.2673368
    ],
    "Riga": [
        56.9475636,
        24.1060604
    ],
    "San Jose": [
        37.3372131,
        -121.8870896
    ],
    "Bangkok": [
        13.7532526,
        100.5016413
    ],
    "Frankfurt": [
        50.1105558,
        8.6801732
    ],
    "Glasgow": [
        55.8605902,
        -4.24881
    ],
    "Taipei": [
        25.0484144,
        121.5330117
    ],
    "Tirana": [
        41.3256062,
        19.8168711
    ],
    "Miami": [
        25.7708431,
        -80.1976364
    ],
    "Bordeaux": [
        44.8380691,
        -0.5777678
    ],
    "Adelaide": [
        -34.9271279,
        138.5998515
    ],
    "Ashburn": [
        39.0050781,
        -77.4913146
    ],
    "Milan": [
        45.4671753,
        9.1896644
    ],
    "Toronto": [
        43.6516053,
        -79.3831254
    ],
    "Amsterdam": [
        52.4014036,
        4.9319693
    ],
    "Virtual": [
        52.1509014,
        -0.4747345
    ],
    "Hong Kong": [
        22.3072317,
        114.1743064
    ],
    "Athens": [
        37.9855765,
        23.7283762
    ],
    "Copenhagen": [
        55.662352,
        12.6159319
    ],
    "Tallinn": [
        59.4328402,
        24.7439894
    ],
    "Phoenix": [
        33.448253,
        -112.076617
    ],
    "Seoul": [
        37.5669826,
        126.9782352
    ],
    "Lisbon": [
        38.7078405,
        -9.1388862
    ],
    "Buenos Aires": [
        -34.6115227,
        -58.4210251
    ],
    "Houston": [
        29.7603761,
        -95.3698054
    ],
    "Prague": [
        50.0824379,
        14.4191593
    ],
    "Kyiv": [
        50.42929,
        30.53806
    ],
    "India": [
        20.593684,
        78.96288
    ]
}